Lake;Region;Class
1;North;1
2;North;1
3;North;1
4;North;1
5;North;1
6;North;1
7;North;1
8;North;1
9;North;1
10;North;1
11;North;1
12;North;1
13;North;1
14;North;1
15;North;1
16;North;1
17;North;1
18;North;1
19;North;1
20;North;1
21;North;1
22;North;1
23;North;1
24;North;1
25;North;1
26;North;1
27;North;1
28;North;1
29;North;1
30;North;1
31;North;1
32;North;1
33;North;1
34;North;1
35;North;1
36;North;1
37;North;1
38;North;1
39;North;1
40;North;1
41;North;1
42;North;1
43;North;1
44;North;1
45;North;1
46;North;1
47;North;1
48;North;1
49;North;1
50;North;1
51;North;1
52;North;1
53;North;1
54;North;1
55;North;1
56;North;1
57;North;1
58;North;1
59;North;1
60;North;1
61;North;1
62;North;1
63;North;1
64;North;1
65;North;1
66;North;1
67;North;1
68;North;1
69;North;1
70;North;1
71;North;1
72;North;1
73;North;1
74;North;1
75;North;1
76;North;1
77;North;1
78;North;1
79;North;1
80;North;1
81;North;1
82;North;1
83;North;1
84;North;1
85;North;1
86;North;1
87;North;1
88;North;1
89;North;1
90;North;1
91;North;1
92;North;1
93;North;1
94;North;1
95;North;1
96;North;1
97;North;1
98;North;1
99;North;1
100;North;1
101;North;1
102;North;1
103;North;1
104;North;1
105;North;1
106;North;1
107;North;1
108;North;1
109;North;1
110;North;1
111;North;1
112;North;1
113;North;1
114;North;1
115;North;1
116;North;1
117;North;1
118;North;1
119;North;1
120;North;1
121;North;1
122;North;1
123;North;1
124;North;1
125;North;1
126;North;1
127;North;1
128;North;1
129;North;1
130;North;1
131;North;1
132;North;1
133;North;1
134;North;1
135;North;1
136;North;1
137;North;1
138;North;1
139;North;1
140;North;1
141;North;1
142;North;1
143;North;1
144;North;1
145;North;1
146;North;1
147;North;1
148;North;1
149;North;1
150;North;1
151;North;1
152;North;1
153;North;1
154;North;1
155;North;1
156;North;1
157;North;1
158;North;1
159;North;1
160;North;1
161;North;1
162;North;1
163;North;1
164;North;1
165;North;1
166;North;1
167;North;1
168;North;1
169;North;1
170;North;1
171;North;1
172;North;1
173;North;1
174;North;1
175;North;1
176;North;1
177;North;1
178;North;1
179;North;1
180;North;1
181;North;1
182;North;1
183;North;1
184;North;1
185;North;1
186;North;1
187;North;1
188;North;1
189;North;1
190;North;1
191;North;1
192;North;1
193;North;1
194;North;1
195;North;1
196;North;1
197;North;1
198;North;1
199;North;1
200;North;1
201;North;1
202;North;1
203;North;1
204;North;1
205;North;1
206;North;1
207;North;1
208;North;1
209;North;1
210;North;1
211;North;1
212;North;1
213;North;1
214;North;1
215;North;1
216;North;1
217;North;1
218;North;1
219;North;1
220;North;1
221;North;1
222;North;1
223;North;1
224;North;1
225;North;1
226;North;1
227;North;1
228;North;1
229;North;1
230;North;1
231;North;1
232;North;1
233;North;1
234;North;1
235;North;1
236;North;1
237;North;1
238;North;1
239;North;1
240;North;1
241;North;1
242;North;1
243;North;1
244;North;1
245;North;1
246;North;1
247;North;1
248;North;1
249;North;1
250;North;1
251;North;1
252;North;1
253;North;1
254;North;1
255;North;1
256;North;1
257;North;1
258;North;1
259;North;1
260;North;1
261;North;1
262;North;1
263;North;1
264;North;1
265;North;1
266;North;1
267;North;1
268;North;1
269;North;1
270;North;1
271;North;1
272;North;1
273;North;1
274;North;1
275;North;1
276;North;1
277;North;1
278;North;1
279;North;1
280;North;1
281;North;1
282;North;1
283;North;1
284;North;1
285;North;1
286;North;1
287;North;1
288;North;1
289;North;1
290;North;1
291;North;1
292;North;1
293;North;1
294;North;1
295;North;1
296;North;1
297;North;1
298;North;1
299;North;1
300;North;1
301;North;1
302;North;1
303;North;1
304;North;1
305;North;1
306;North;1
307;North;1
308;North;1
309;North;1
310;North;1
311;North;1
312;North;1
313;North;1
314;North;1
315;North;1
316;North;1
317;North;1
318;North;1
319;North;1
320;North;1
321;North;1
322;North;1
323;North;1
324;North;1
325;North;1
326;North;1
327;North;1
328;North;1
329;North;1
330;North;1
331;North;1
332;North;1
333;North;1
334;North;1
335;North;1
336;North;1
337;North;1
338;North;1
339;North;1
340;North;1
341;North;1
342;North;1
343;North;1
344;North;1
345;North;1
346;North;1
347;North;1
348;North;1
349;North;1
350;North;1
351;North;1
352;North;1
353;North;1
354;North;1
355;North;1
356;North;1
357;North;1
358;North;1
359;North;1
360;North;1
361;North;1
362;North;1
363;North;1
364;North;1
365;North;1
366;North;1
367;North;1
368;North;1
369;North;1
370;North;1
371;North;1
372;North;1
373;North;1
374;North;1
375;North;1
376;North;1
377;North;1
378;North;1
379;North;1
380;North;1
381;North;1
382;North;1
383;North;1
384;North;1
385;North;1
386;North;1
387;North;1
388;North;1
389;North;1
390;North;1
391;North;1
392;North;1
393;North;1
394;North;1
395;North;1
396;North;1
397;North;1
398;North;1
399;North;1
400;North;1
401;North;1
402;North;1
403;North;1
404;North;1
405;North;1
406;North;1
407;North;1
408;North;1
409;North;1
410;North;1
411;North;1
412;North;1
413;North;1
414;North;1
415;North;1
416;North;1
417;North;1
418;North;1
419;North;1
420;North;1
421;North;1
422;North;1
423;North;1
424;North;1
425;North;1
426;North;1
427;North;1
428;North;1
429;North;1
430;North;1
431;North;1
432;North;1
433;North;1
434;North;1
435;North;1
436;North;1
437;North;1
438;North;1
439;North;1
440;North;1
441;North;1
442;North;1
443;North;1
444;North;1
445;North;1
446;North;1
447;North;1
448;North;1
449;North;1
450;North;1
451;North;1
452;North;1
453;North;1
454;North;1
455;North;1
456;North;1
457;North;1
458;North;1
459;North;1
460;North;1
461;North;1
462;North;1
463;North;1
464;North;1
465;North;1
466;North;1
467;North;1
468;North;1
469;North;1
470;North;1
471;North;1
472;North;1
473;North;1
474;North;1
475;North;1
476;North;1
477;North;1
478;North;1
479;North;1
480;North;1
481;North;1
482;North;1
483;North;1
484;North;1
485;North;1
486;North;1
487;North;1
488;North;1
489;North;1
490;North;1
491;North;1
492;North;1
493;North;1
494;North;1
495;North;1
496;North;1
497;North;1
498;North;1
499;North;1
500;North;1
501;North;1
502;North;1
503;North;1
504;North;1
505;North;1
506;North;1
507;North;1
508;North;1
509;North;1
510;North;1
511;North;1
512;North;1
513;North;1
514;North;1
515;North;1
516;North;1
517;North;1
518;North;1
519;North;1
520;North;1
521;North;1
522;North;1
523;North;1
524;North;1
525;North;1
526;North;1
527;North;1
528;North;1
529;North;1
530;North;1
531;North;1
532;North;1
533;North;1
534;North;1
535;North;1
536;North;1
537;North;1
538;North;1
539;North;1
540;North;1
541;North;1
542;North;1
543;North;1
544;North;1
545;North;1
546;North;1
547;North;1
548;North;1
549;North;1
550;North;1
551;North;1
552;North;1
553;North;1
554;North;1
555;North;1
556;North;1
557;North;1
558;North;1
559;North;1
560;North;1
561;North;1
562;North;1
563;North;1
564;North;1
565;North;1
566;North;1
567;North;1
568;North;1
569;North;1
570;North;1
571;North;1
572;North;1
573;North;1
574;North;1
575;North;1
576;North;1
577;North;1
578;North;1
579;North;1
580;North;1
581;North;1
582;North;1
583;North;1
584;North;1
585;North;1
586;North;1
587;North;1
588;North;1
589;North;1
590;North;1
591;North;1
592;North;1
593;North;1
594;North;1
595;North;1
596;North;1
597;North;1
598;North;1
599;North;1
600;North;1
601;North;1
602;North;1
603;North;1
604;North;1
605;North;1
606;North;1
607;North;1
608;North;1
609;North;1
610;North;1
611;North;1
612;North;1
613;North;1
614;North;1
615;North;1
616;North;1
617;North;1
618;North;1
619;North;1
620;North;1
621;North;1
622;North;1
623;North;1
624;North;1
625;North;1
626;North;1
627;North;1
628;North;1
629;North;1
630;North;1
631;North;1
632;North;1
633;North;1
634;North;1
635;North;1
636;North;1
637;North;1
638;North;1
639;North;1
640;North;1
641;North;1
642;North;1
643;North;1
644;North;1
645;North;1
646;North;1
647;North;1
648;North;1
649;North;1
650;North;1
651;North;1
652;North;1
653;North;1
654;North;1
655;North;1
656;North;1
657;North;1
658;North;1
659;North;1
660;North;1
661;North;1
662;North;1
663;North;1
664;North;1
665;North;1
666;North;1
667;North;1
668;North;1
669;North;1
670;North;1
671;North;1
672;North;1
673;North;1
674;North;1
675;North;1
676;North;1
677;North;1
678;North;1
679;North;1
680;North;1
681;North;1
682;North;1
683;North;1
684;North;1
685;North;1
686;North;1
687;North;1
688;North;1
689;North;1
690;North;1
691;North;1
692;North;1
693;North;1
694;North;1
695;North;1
696;North;1
697;North;1
698;North;1
699;North;1
700;North;1
701;North;1
702;North;1
703;North;1
704;North;1
705;North;1
706;North;1
707;North;1
708;North;1
709;North;1
710;North;1
711;North;1
712;North;1
713;North;1
714;North;1
715;North;1
716;North;1
717;North;1
718;North;1
719;North;1
720;North;1
721;North;1
722;North;1
723;North;1
724;North;1
725;North;1
726;North;1
727;North;1
728;North;1
729;North;1
730;North;1
731;North;1
732;North;1
733;North;1
734;North;1
735;North;1
736;North;1
737;North;1
738;North;1
739;North;1
740;North;1
741;North;1
742;North;1
743;North;1
744;North;1
745;North;1
746;North;1
747;North;1
748;North;1
749;North;1
750;North;1
751;North;1
752;North;1
753;North;1
754;North;1
755;North;1
756;North;1
757;North;1
758;North;1
759;North;1
760;North;1
761;North;1
762;North;1
763;North;1
764;North;1
765;North;1
766;North;1
767;North;1
768;North;1
769;North;1
770;North;1
771;North;1
772;North;1
773;North;1
774;North;1
775;North;1
776;North;1
777;North;1
778;North;1
779;North;1
780;North;1
781;North;1
782;North;1
783;North;1
784;North;1
785;North;1
786;North;1
787;North;1
788;North;1
789;North;1
790;North;1
791;North;1
792;North;1
793;North;1
794;North;1
795;North;1
796;North;1
797;North;1
798;North;1
799;North;1
800;North;1
801;North;1
802;North;1
803;North;1
804;North;1
805;North;1
806;North;1
807;North;1
808;North;1
809;North;1
810;North;1
811;North;1
812;North;1
813;North;1
814;North;1
815;North;1
816;North;1
817;North;1
818;North;1
819;North;1
820;North;1
821;North;1
822;North;1
823;North;1
824;North;1
825;North;1
826;North;1
827;North;1
828;North;1
829;North;1
830;North;1
831;North;1
832;North;1
833;North;1
834;North;1
835;North;1
836;North;1
837;North;1
838;North;1
839;North;1
840;North;1
841;North;1
842;North;1
843;North;1
844;North;1
845;North;1
846;North;1
847;North;1
848;North;1
849;North;1
850;North;1
851;North;1
852;North;1
853;North;1
854;North;1
855;North;1
856;North;1
857;North;1
858;North;1
859;North;1
860;North;1
861;North;1
862;North;1
863;North;1
864;North;1
865;North;1
866;North;1
867;North;1
868;North;1
869;North;1
870;North;1
871;North;1
872;North;1
873;North;1
874;North;1
875;North;1
876;North;1
877;North;1
878;North;1
879;North;1
880;North;1
881;North;1
882;North;1
883;North;1
884;North;1
885;North;1
886;North;1
887;North;1
888;North;1
889;North;1
890;North;1
891;North;1
892;North;1
893;North;1
894;North;1
895;North;1
896;North;1
897;North;1
898;North;1
899;North;1
900;North;1
901;North;1
902;North;1
903;North;1
904;North;1
905;North;1
906;North;1
907;North;1
908;North;1
909;North;1
910;North;1
911;North;1
912;North;1
913;North;1
914;North;1
915;North;1
916;North;1
917;North;1
918;North;1
919;North;1
920;North;1
921;North;1
922;North;1
923;North;1
924;North;1
925;North;1
926;North;1
927;North;1
928;North;1
929;North;1
930;North;1
931;North;1
932;North;1
933;North;1
934;North;1
935;North;1
936;North;1
937;North;1
938;North;1
939;North;1
940;North;1
941;North;1
942;North;1
943;North;1
944;North;1
945;North;1
946;North;1
947;North;1
948;North;1
949;North;1
950;North;1
951;North;1
952;North;1
953;North;1
954;North;1
955;North;1
956;North;1
957;North;1
958;North;1
959;North;1
960;North;1
961;North;1
962;North;1
963;North;1
964;North;1
965;North;1
966;North;1
967;North;1
968;North;1
969;North;1
970;North;1
971;North;1
972;North;1
973;North;1
974;North;1
975;North;1
976;North;1
977;North;1
978;North;1
979;North;1
980;North;1
981;North;1
982;North;1
983;North;1
984;North;1
985;North;1
986;North;1
987;North;1
988;North;1
989;North;1
990;North;1
991;North;1
992;North;1
993;North;1
994;North;1
995;North;1
996;North;1
997;North;1
998;North;1
999;North;1
1000;North;1
1001;North;1
1002;North;1
1003;North;1
1004;North;1
1005;North;1
1006;North;1
1007;North;1
1008;North;1
1009;North;1
1010;North;1
1011;North;1
1012;North;1
1013;North;1
1014;North;1
1015;North;1
1016;North;1
1017;North;2
1018;North;2
1019;North;2
1020;North;2
1021;North;2
1022;North;2
1023;North;2
1024;North;2
1025;North;2
1026;North;2
1027;North;2
1028;North;2
1029;North;2
1030;North;2
1031;North;2
1032;North;2
1033;North;2
1034;North;2
1035;North;2
1036;North;2
1037;North;2
1038;North;2
1039;North;2
1040;North;2
1041;North;2
1042;North;2
1043;North;2
1044;North;2
1045;North;2
1046;North;2
1047;North;2
1048;North;2
1049;North;2
1050;North;2
1051;North;2
1052;North;2
1053;North;2
1054;North;2
1055;North;2
1056;North;2
1057;North;2
1058;North;2
1059;North;2
1060;North;2
1061;North;2
1062;North;2
1063;North;2
1064;North;2
1065;North;2
1066;North;2
1067;North;2
1068;North;2
1069;North;2
1070;North;2
1071;North;2
1072;North;2
1073;North;2
1074;North;2
1075;North;2
1076;North;2
1077;North;2
1078;North;2
1079;North;2
1080;North;2
1081;North;2
1082;North;2
1083;North;2
1084;North;2
1085;North;2
1086;North;2
1087;North;2
1088;North;2
1089;North;2
1090;North;2
1091;North;2
1092;North;2
1093;North;2
1094;North;2
1095;North;2
1096;North;2
1097;North;2
1098;North;2
1099;North;2
1100;North;2
1101;North;2
1102;North;2
1103;North;2
1104;North;2
1105;North;2
1106;North;2
1107;North;2
1108;North;2
1109;North;2
1110;North;2
1111;North;2
1112;North;2
1113;North;2
1114;North;2
1115;North;2
1116;North;2
1117;North;2
1118;North;2
1119;North;2
1120;North;2
1121;North;2
1122;North;2
1123;North;2
1124;North;2
1125;North;2
1126;North;2
1127;North;2
1128;North;2
1129;North;2
1130;North;2
1131;North;2
1132;North;2
1133;North;2
1134;North;2
1135;North;2
1136;North;2
1137;North;2
1138;North;2
1139;North;2
1140;North;2
1141;North;2
1142;North;2
1143;North;2
1144;North;2
1145;North;2
1146;North;2
1147;North;2
1148;North;2
1149;North;2
1150;North;2
1151;North;2
1152;North;2
1153;North;2
1154;North;2
1155;North;2
1156;North;2
1157;North;2
1158;North;2
1159;North;2
1160;North;2
1161;North;2
1162;North;2
1163;North;2
1164;North;2
1165;North;2
1166;North;2
1167;North;2
1168;North;2
1169;North;2
1170;North;2
1171;North;2
1172;North;2
1173;North;2
1174;North;2
1175;North;2
1176;North;2
1177;North;2
1178;North;2
1179;North;2
1180;North;2
1181;North;2
1182;North;2
1183;North;2
1184;North;2
1185;North;2
1186;North;2
1187;North;3
1188;North;3
1189;North;3
1190;North;3
1191;North;3
1192;North;3
1193;North;3
1194;North;3
1195;North;3
1196;North;3
1197;North;3
1198;North;3
1199;North;3
1200;North;3
1201;North;3
1202;North;3
1203;North;3
1204;North;3
1205;North;3
1206;North;3
1207;North;3
1208;North;3
1209;North;3
1210;North;3
1211;North;3
1212;North;3
1213;North;3
1214;North;3
1215;North;3
1216;North;3
1217;North;3
1218;North;3
1219;North;3
1220;North;3
1221;North;3
1222;North;3
1223;North;3
1224;North;3
1225;North;3
1226;North;3
1227;North;3
1228;North;3
1229;North;3
1230;North;3
1231;North;3
1232;North;3
1233;North;3
1234;North;3
1235;North;3
1236;North;3
1237;North;3
1238;North;3
1239;North;3
1240;North;3
1241;North;4
1242;North;4
1243;North;4
1244;North;4
1245;North;4
1246;North;4
1247;North;4
1248;North;4
1249;North;4
1250;North;4
1251;North;4
1252;North;4
1253;North;4
1254;North;5
1255;North;5
1256;Central;1
1257;Central;1
1258;Central;1
1259;Central;1
1260;Central;1
1261;Central;1
1262;Central;1
1263;Central;1
1264;Central;1
1265;Central;1
1266;Central;1
1267;Central;1
1268;Central;1
1269;Central;1
1270;Central;1
1271;Central;1
1272;Central;1
1273;Central;1
1274;Central;1
1275;Central;1
1276;Central;1
1277;Central;1
1278;Central;1
1279;Central;1
1280;Central;1
1281;Central;1
1282;Central;1
1283;Central;1
1284;Central;1
1285;Central;1
1286;Central;1
1287;Central;1
1288;Central;1
1289;Central;1
1290;Central;1
1291;Central;1
1292;Central;1
1293;Central;1
1294;Central;1
1295;Central;1
1296;Central;1
1297;Central;1
1298;Central;1
1299;Central;1
1300;Central;1
1301;Central;1
1302;Central;1
1303;Central;1
1304;Central;1
1305;Central;1
1306;Central;1
1307;Central;1
1308;Central;1
1309;Central;1
1310;Central;1
1311;Central;1
1312;Central;1
1313;Central;1
1314;Central;1
1315;Central;1
1316;Central;1
1317;Central;1
1318;Central;1
1319;Central;1
1320;Central;1
1321;Central;1
1322;Central;1
1323;Central;1
1324;Central;1
1325;Central;1
1326;Central;1
1327;Central;1
1328;Central;1
1329;Central;1
1330;Central;1
1331;Central;1
1332;Central;1
1333;Central;1
1334;Central;1
1335;Central;1
1336;Central;1
1337;Central;1
1338;Central;1
1339;Central;1
1340;Central;1
1341;Central;1
1342;Central;1
1343;Central;1
1344;Central;1
1345;Central;1
1346;Central;1
1347;Central;1
1348;Central;1
1349;Central;1
1350;Central;1
1351;Central;1
1352;Central;1
1353;Central;1
1354;Central;1
1355;Central;1
1356;Central;1
1357;Central;1
1358;Central;1
1359;Central;1
1360;Central;1
1361;Central;1
1362;Central;1
1363;Central;1
1364;Central;1
1365;Central;1
1366;Central;1
1367;Central;1
1368;Central;1
1369;Central;1
1370;Central;1
1371;Central;1
1372;Central;1
1373;Central;1
1374;Central;1
1375;Central;1
1376;Central;1
1377;Central;1
1378;Central;1
1379;Central;1
1380;Central;1
1381;Central;1
1382;Central;1
1383;Central;1
1384;Central;1
1385;Central;1
1386;Central;1
1387;Central;1
1388;Central;1
1389;Central;1
1390;Central;1
1391;Central;1
1392;Central;1
1393;Central;1
1394;Central;1
1395;Central;1
1396;Central;1
1397;Central;1
1398;Central;1
1399;Central;1
1400;Central;1
1401;Central;1
1402;Central;1
1403;Central;1
1404;Central;1
1405;Central;1
1406;Central;1
1407;Central;1
1408;Central;1
1409;Central;1
1410;Central;1
1411;Central;1
1412;Central;1
1413;Central;1
1414;Central;1
1415;Central;1
1416;Central;1
1417;Central;1
1418;Central;1
1419;Central;1
1420;Central;1
1421;Central;1
1422;Central;1
1423;Central;1
1424;Central;1
1425;Central;1
1426;Central;1
1427;Central;1
1428;Central;1
1429;Central;1
1430;Central;1
1431;Central;1
1432;Central;1
1433;Central;1
1434;Central;1
1435;Central;1
1436;Central;1
1437;Central;1
1438;Central;1
1439;Central;1
1440;Central;1
1441;Central;1
1442;Central;1
1443;Central;1
1444;Central;1
1445;Central;1
1446;Central;1
1447;Central;1
1448;Central;1
1449;Central;1
1450;Central;1
1451;Central;1
1452;Central;1
1453;Central;1
1454;Central;1
1455;Central;1
1456;Central;1
1457;Central;1
1458;Central;1
1459;Central;1
1460;Central;1
1461;Central;1
1462;Central;1
1463;Central;1
1464;Central;1
1465;Central;1
1466;Central;1
1467;Central;1
1468;Central;1
1469;Central;1
1470;Central;1
1471;Central;1
1472;Central;1
1473;Central;1
1474;Central;1
1475;Central;1
1476;Central;1
1477;Central;1
1478;Central;1
1479;Central;1
1480;Central;1
1481;Central;1
1482;Central;1
1483;Central;1
1484;Central;1
1485;Central;1
1486;Central;1
1487;Central;1
1488;Central;1
1489;Central;1
1490;Central;1
1491;Central;1
1492;Central;1
1493;Central;1
1494;Central;1
1495;Central;1
1496;Central;1
1497;Central;1
1498;Central;1
1499;Central;1
1500;Central;1
1501;Central;1
1502;Central;1
1503;Central;1
1504;Central;1
1505;Central;1
1506;Central;1
1507;Central;1
1508;Central;1
1509;Central;1
1510;Central;1
1511;Central;1
1512;Central;1
1513;Central;1
1514;Central;1
1515;Central;1
1516;Central;1
1517;Central;1
1518;Central;1
1519;Central;1
1520;Central;1
1521;Central;1
1522;Central;1
1523;Central;1
1524;Central;1
1525;Central;1
1526;Central;1
1527;Central;1
1528;Central;1
1529;Central;1
1530;Central;1
1531;Central;1
1532;Central;1
1533;Central;1
1534;Central;1
1535;Central;1
1536;Central;1
1537;Central;1
1538;Central;1
1539;Central;1
1540;Central;1
1541;Central;1
1542;Central;1
1543;Central;1
1544;Central;1
1545;Central;1
1546;Central;1
1547;Central;1
1548;Central;1
1549;Central;1
1550;Central;1
1551;Central;1
1552;Central;1
1553;Central;1
1554;Central;1
1555;Central;1
1556;Central;1
1557;Central;1
1558;Central;1
1559;Central;1
1560;Central;1
1561;Central;1
1562;Central;1
1563;Central;1
1564;Central;1
1565;Central;1
1566;Central;1
1567;Central;1
1568;Central;1
1569;Central;1
1570;Central;1
1571;Central;1
1572;Central;1
1573;Central;1
1574;Central;1
1575;Central;1
1576;Central;1
1577;Central;1
1578;Central;1
1579;Central;1
1580;Central;1
1581;Central;1
1582;Central;1
1583;Central;1
1584;Central;1
1585;Central;1
1586;Central;1
1587;Central;1
1588;Central;1
1589;Central;1
1590;Central;1
1591;Central;1
1592;Central;1
1593;Central;1
1594;Central;1
1595;Central;1
1596;Central;1
1597;Central;1
1598;Central;1
1599;Central;1
1600;Central;1
1601;Central;1
1602;Central;1
1603;Central;1
1604;Central;1
1605;Central;1
1606;Central;1
1607;Central;1
1608;Central;1
1609;Central;1
1610;Central;1
1611;Central;1
1612;Central;1
1613;Central;1
1614;Central;1
1615;Central;1
1616;Central;1
1617;Central;1
1618;Central;1
1619;Central;1
1620;Central;1
1621;Central;1
1622;Central;1
1623;Central;1
1624;Central;1
1625;Central;1
1626;Central;1
1627;Central;1
1628;Central;1
1629;Central;1
1630;Central;1
1631;Central;1
1632;Central;1
1633;Central;1
1634;Central;1
1635;Central;1
1636;Central;1
1637;Central;1
1638;Central;1
1639;Central;1
1640;Central;1
1641;Central;1
1642;Central;1
1643;Central;1
1644;Central;1
1645;Central;1
1646;Central;1
1647;Central;1
1648;Central;1
1649;Central;1
1650;Central;1
1651;Central;1
1652;Central;1
1653;Central;1
1654;Central;1
1655;Central;1
1656;Central;1
1657;Central;1
1658;Central;1
1659;Central;1
1660;Central;1
1661;Central;1
1662;Central;1
1663;Central;1
1664;Central;1
1665;Central;1
1666;Central;1
1667;Central;1
1668;Central;1
1669;Central;1
1670;Central;1
1671;Central;1
1672;Central;1
1673;Central;1
1674;Central;1
1675;Central;1
1676;Central;1
1677;Central;1
1678;Central;1
1679;Central;1
1680;Central;1
1681;Central;1
1682;Central;1
1683;Central;1
1684;Central;1
1685;Central;1
1686;Central;1
1687;Central;1
1688;Central;1
1689;Central;1
1690;Central;1
1691;Central;1
1692;Central;1
1693;Central;1
1694;Central;1
1695;Central;1
1696;Central;1
1697;Central;1
1698;Central;1
1699;Central;1
1700;Central;1
1701;Central;1
1702;Central;1
1703;Central;1
1704;Central;1
1705;Central;1
1706;Central;1
1707;Central;1
1708;Central;1
1709;Central;1
1710;Central;1
1711;Central;1
1712;Central;1
1713;Central;1
1714;Central;1
1715;Central;1
1716;Central;1
1717;Central;1
1718;Central;1
1719;Central;1
1720;Central;1
1721;Central;1
1722;Central;1
1723;Central;1
1724;Central;1
1725;Central;1
1726;Central;1
1727;Central;1
1728;Central;1
1729;Central;1
1730;Central;1
1731;Central;1
1732;Central;1
1733;Central;1
1734;Central;1
1735;Central;1
1736;Central;1
1737;Central;1
1738;Central;1
1739;Central;1
1740;Central;1
1741;Central;1
1742;Central;1
1743;Central;1
1744;Central;1
1745;Central;1
1746;Central;1
1747;Central;1
1748;Central;1
1749;Central;1
1750;Central;1
1751;Central;1
1752;Central;1
1753;Central;1
1754;Central;1
1755;Central;1
1756;Central;1
1757;Central;1
1758;Central;1
1759;Central;1
1760;Central;1
1761;Central;1
1762;Central;1
1763;Central;1
1764;Central;1
1765;Central;1
1766;Central;1
1767;Central;1
1768;Central;1
1769;Central;1
1770;Central;1
1771;Central;1
1772;Central;1
1773;Central;1
1774;Central;1
1775;Central;1
1776;Central;1
1777;Central;1
1778;Central;1
1779;Central;1
1780;Central;1
1781;Central;1
1782;Central;1
1783;Central;1
1784;Central;1
1785;Central;1
1786;Central;1
1787;Central;1
1788;Central;1
1789;Central;1
1790;Central;1
1791;Central;1
1792;Central;1
1793;Central;1
1794;Central;1
1795;Central;1
1796;Central;1
1797;Central;1
1798;Central;1
1799;Central;1
1800;Central;1
1801;Central;1
1802;Central;1
1803;Central;1
1804;Central;1
1805;Central;1
1806;Central;1
1807;Central;1
1808;Central;1
1809;Central;1
1810;Central;1
1811;Central;1
1812;Central;1
1813;Central;1
1814;Central;1
1815;Central;1
1816;Central;1
1817;Central;1
1818;Central;1
1819;Central;1
1820;Central;1
1821;Central;1
1822;Central;1
1823;Central;1
1824;Central;1
1825;Central;1
1826;Central;1
1827;Central;1
1828;Central;1
1829;Central;1
1830;Central;1
1831;Central;1
1832;Central;1
1833;Central;1
1834;Central;1
1835;Central;1
1836;Central;1
1837;Central;1
1838;Central;1
1839;Central;1
1840;Central;1
1841;Central;1
1842;Central;1
1843;Central;1
1844;Central;1
1845;Central;1
1846;Central;1
1847;Central;1
1848;Central;1
1849;Central;1
1850;Central;1
1851;Central;1
1852;Central;1
1853;Central;1
1854;Central;1
1855;Central;1
1856;Central;1
1857;Central;1
1858;Central;1
1859;Central;1
1860;Central;1
1861;Central;1
1862;Central;1
1863;Central;1
1864;Central;1
1865;Central;1
1866;Central;1
1867;Central;1
1868;Central;1
1869;Central;1
1870;Central;1
1871;Central;1
1872;Central;1
1873;Central;1
1874;Central;1
1875;Central;1
1876;Central;1
1877;Central;1
1878;Central;1
1879;Central;1
1880;Central;1
1881;Central;1
1882;Central;1
1883;Central;1
1884;Central;1
1885;Central;1
1886;Central;1
1887;Central;1
1888;Central;1
1889;Central;1
1890;Central;1
1891;Central;1
1892;Central;1
1893;Central;1
1894;Central;1
1895;Central;1
1896;Central;1
1897;Central;1
1898;Central;1
1899;Central;1
1900;Central;1
1901;Central;1
1902;Central;1
1903;Central;1
1904;Central;1
1905;Central;1
1906;Central;1
1907;Central;1
1908;Central;1
1909;Central;1
1910;Central;1
1911;Central;1
1912;Central;1
1913;Central;1
1914;Central;1
1915;Central;1
1916;Central;1
1917;Central;1
1918;Central;1
1919;Central;1
1920;Central;1
1921;Central;1
1922;Central;1
1923;Central;1
1924;Central;1
1925;Central;1
1926;Central;1
1927;Central;1
1928;Central;1
1929;Central;1
1930;Central;1
1931;Central;1
1932;Central;1
1933;Central;1
1934;Central;1
1935;Central;1
1936;Central;1
1937;Central;1
1938;Central;1
1939;Central;1
1940;Central;1
1941;Central;1
1942;Central;1
1943;Central;1
1944;Central;1
1945;Central;1
1946;Central;1
1947;Central;1
1948;Central;1
1949;Central;1
1950;Central;1
1951;Central;1
1952;Central;1
1953;Central;1
1954;Central;1
1955;Central;1
1956;Central;1
1957;Central;1
1958;Central;1
1959;Central;1
1960;Central;1
1961;Central;1
1962;Central;1
1963;Central;1
1964;Central;1
1965;Central;1
1966;Central;1
1967;Central;1
1968;Central;1
1969;Central;1
1970;Central;1
1971;Central;1
1972;Central;1
1973;Central;1
1974;Central;1
1975;Central;1
1976;Central;1
1977;Central;1
1978;Central;1
1979;Central;1
1980;Central;1
1981;Central;1
1982;Central;1
1983;Central;1
1984;Central;1
1985;Central;1
1986;Central;1
1987;Central;1
1988;Central;1
1989;Central;1
1990;Central;1
1991;Central;1
1992;Central;1
1993;Central;1
1994;Central;1
1995;Central;1
1996;Central;1
1997;Central;1
1998;Central;1
1999;Central;1
2000;Central;1
2001;Central;1
2002;Central;1
2003;Central;1
2004;Central;1
2005;Central;1
2006;Central;1
2007;Central;1
2008;Central;1
2009;Central;1
2010;Central;1
2011;Central;1
2012;Central;1
2013;Central;1
2014;Central;1
2015;Central;1
2016;Central;1
2017;Central;1
2018;Central;1
2019;Central;1
2020;Central;1
2021;Central;1
2022;Central;1
2023;Central;1
2024;Central;1
2025;Central;1
2026;Central;1
2027;Central;1
2028;Central;1
2029;Central;1
2030;Central;1
2031;Central;1
2032;Central;1
2033;Central;1
2034;Central;1
2035;Central;1
2036;Central;1
2037;Central;1
2038;Central;1
2039;Central;1
2040;Central;1
2041;Central;1
2042;Central;1
2043;Central;1
2044;Central;1
2045;Central;1
2046;Central;1
2047;Central;1
2048;Central;1
2049;Central;1
2050;Central;1
2051;Central;1
2052;Central;1
2053;Central;1
2054;Central;1
2055;Central;1
2056;Central;1
2057;Central;1
2058;Central;1
2059;Central;1
2060;Central;1
2061;Central;1
2062;Central;1
2063;Central;1
2064;Central;1
2065;Central;1
2066;Central;1
2067;Central;1
2068;Central;1
2069;Central;1
2070;Central;1
2071;Central;1
2072;Central;1
2073;Central;1
2074;Central;1
2075;Central;1
2076;Central;1
2077;Central;1
2078;Central;1
2079;Central;1
2080;Central;1
2081;Central;1
2082;Central;1
2083;Central;1
2084;Central;1
2085;Central;1
2086;Central;1
2087;Central;1
2088;Central;1
2089;Central;1
2090;Central;1
2091;Central;1
2092;Central;1
2093;Central;1
2094;Central;1
2095;Central;1
2096;Central;1
2097;Central;1
2098;Central;1
2099;Central;1
2100;Central;1
2101;Central;1
2102;Central;1
2103;Central;1
2104;Central;1
2105;Central;1
2106;Central;1
2107;Central;1
2108;Central;1
2109;Central;1
2110;Central;1
2111;Central;1
2112;Central;1
2113;Central;1
2114;Central;1
2115;Central;1
2116;Central;1
2117;Central;1
2118;Central;1
2119;Central;1
2120;Central;1
2121;Central;1
2122;Central;1
2123;Central;1
2124;Central;1
2125;Central;1
2126;Central;1
2127;Central;1
2128;Central;1
2129;Central;1
2130;Central;1
2131;Central;1
2132;Central;1
2133;Central;1
2134;Central;1
2135;Central;1
2136;Central;1
2137;Central;1
2138;Central;1
2139;Central;1
2140;Central;1
2141;Central;1
2142;Central;1
2143;Central;1
2144;Central;1
2145;Central;1
2146;Central;1
2147;Central;1
2148;Central;1
2149;Central;1
2150;Central;1
2151;Central;1
2152;Central;1
2153;Central;1
2154;Central;1
2155;Central;1
2156;Central;1
2157;Central;1
2158;Central;1
2159;Central;1
2160;Central;1
2161;Central;1
2162;Central;1
2163;Central;1
2164;Central;1
2165;Central;1
2166;Central;1
2167;Central;1
2168;Central;1
2169;Central;1
2170;Central;1
2171;Central;1
2172;Central;1
2173;Central;1
2174;Central;1
2175;Central;1
2176;Central;1
2177;Central;1
2178;Central;1
2179;Central;1
2180;Central;1
2181;Central;1
2182;Central;1
2183;Central;1
2184;Central;1
2185;Central;1
2186;Central;1
2187;Central;1
2188;Central;1
2189;Central;1
2190;Central;1
2191;Central;1
2192;Central;1
2193;Central;1
2194;Central;1
2195;Central;1
2196;Central;1
2197;Central;1
2198;Central;1
2199;Central;1
2200;Central;1
2201;Central;1
2202;Central;1
2203;Central;1
2204;Central;1
2205;Central;1
2206;Central;1
2207;Central;1
2208;Central;1
2209;Central;1
2210;Central;1
2211;Central;1
2212;Central;1
2213;Central;1
2214;Central;1
2215;Central;1
2216;Central;1
2217;Central;1
2218;Central;1
2219;Central;1
2220;Central;1
2221;Central;1
2222;Central;1
2223;Central;1
2224;Central;1
2225;Central;1
2226;Central;1
2227;Central;1
2228;Central;1
2229;Central;1
2230;Central;1
2231;Central;1
2232;Central;1
2233;Central;1
2234;Central;1
2235;Central;1
2236;Central;1
2237;Central;1
2238;Central;1
2239;Central;1
2240;Central;1
2241;Central;1
2242;Central;1
2243;Central;1
2244;Central;1
2245;Central;1
2246;Central;1
2247;Central;1
2248;Central;1
2249;Central;1
2250;Central;1
2251;Central;1
2252;Central;1
2253;Central;1
2254;Central;1
2255;Central;1
2256;Central;1
2257;Central;1
2258;Central;1
2259;Central;1
2260;Central;1
2261;Central;1
2262;Central;1
2263;Central;1
2264;Central;1
2265;Central;1
2266;Central;1
2267;Central;1
2268;Central;1
2269;Central;1
2270;Central;1
2271;Central;1
2272;Central;1
2273;Central;1
2274;Central;1
2275;Central;1
2276;Central;1
2277;Central;1
2278;Central;1
2279;Central;1
2280;Central;1
2281;Central;1
2282;Central;1
2283;Central;1
2284;Central;1
2285;Central;1
2286;Central;1
2287;Central;1
2288;Central;1
2289;Central;1
2290;Central;1
2291;Central;1
2292;Central;1
2293;Central;1
2294;Central;1
2295;Central;1
2296;Central;1
2297;Central;1
2298;Central;1
2299;Central;1
2300;Central;1
2301;Central;1
2302;Central;1
2303;Central;1
2304;Central;1
2305;Central;1
2306;Central;1
2307;Central;1
2308;Central;1
2309;Central;1
2310;Central;1
2311;Central;1
2312;Central;1
2313;Central;1
2314;Central;1
2315;Central;1
2316;Central;1
2317;Central;1
2318;Central;1
2319;Central;1
2320;Central;1
2321;Central;1
2322;Central;1
2323;Central;1
2324;Central;1
2325;Central;1
2326;Central;1
2327;Central;1
2328;Central;1
2329;Central;1
2330;Central;1
2331;Central;1
2332;Central;1
2333;Central;1
2334;Central;1
2335;Central;1
2336;Central;1
2337;Central;1
2338;Central;1
2339;Central;1
2340;Central;1
2341;Central;1
2342;Central;1
2343;Central;1
2344;Central;1
2345;Central;1
2346;Central;1
2347;Central;1
2348;Central;1
2349;Central;1
2350;Central;1
2351;Central;1
2352;Central;1
2353;Central;1
2354;Central;1
2355;Central;1
2356;Central;1
2357;Central;1
2358;Central;1
2359;Central;1
2360;Central;1
2361;Central;1
2362;Central;1
2363;Central;1
2364;Central;1
2365;Central;1
2366;Central;1
2367;Central;1
2368;Central;1
2369;Central;1
2370;Central;1
2371;Central;1
2372;Central;1
2373;Central;1
2374;Central;1
2375;Central;1
2376;Central;1
2377;Central;1
2378;Central;1
2379;Central;1
2380;Central;1
2381;Central;1
2382;Central;1
2383;Central;1
2384;Central;1
2385;Central;1
2386;Central;1
2387;Central;1
2388;Central;1
2389;Central;1
2390;Central;1
2391;Central;1
2392;Central;1
2393;Central;1
2394;Central;1
2395;Central;1
2396;Central;1
2397;Central;1
2398;Central;1
2399;Central;1
2400;Central;1
2401;Central;1
2402;Central;1
2403;Central;1
2404;Central;1
2405;Central;1
2406;Central;1
2407;Central;1
2408;Central;1
2409;Central;1
2410;Central;1
2411;Central;1
2412;Central;1
2413;Central;1
2414;Central;1
2415;Central;1
2416;Central;1
2417;Central;1
2418;Central;1
2419;Central;1
2420;Central;1
2421;Central;1
2422;Central;1
2423;Central;1
2424;Central;1
2425;Central;1
2426;Central;1
2427;Central;1
2428;Central;1
2429;Central;1
2430;Central;1
2431;Central;1
2432;Central;1
2433;Central;1
2434;Central;1
2435;Central;1
2436;Central;1
2437;Central;1
2438;Central;1
2439;Central;1
2440;Central;1
2441;Central;1
2442;Central;1
2443;Central;1
2444;Central;1
2445;Central;1
2446;Central;1
2447;Central;1
2448;Central;1
2449;Central;1
2450;Central;1
2451;Central;1
2452;Central;1
2453;Central;1
2454;Central;1
2455;Central;1
2456;Central;1
2457;Central;1
2458;Central;1
2459;Central;1
2460;Central;1
2461;Central;1
2462;Central;1
2463;Central;1
2464;Central;1
2465;Central;1
2466;Central;1
2467;Central;1
2468;Central;1
2469;Central;1
2470;Central;1
2471;Central;1
2472;Central;1
2473;Central;1
2474;Central;1
2475;Central;1
2476;Central;1
2477;Central;1
2478;Central;1
2479;Central;1
2480;Central;1
2481;Central;1
2482;Central;1
2483;Central;1
2484;Central;1
2485;Central;1
2486;Central;1
2487;Central;1
2488;Central;1
2489;Central;1
2490;Central;1
2491;Central;1
2492;Central;1
2493;Central;1
2494;Central;1
2495;Central;1
2496;Central;1
2497;Central;1
2498;Central;1
2499;Central;1
2500;Central;1
2501;Central;1
2502;Central;1
2503;Central;1
2504;Central;1
2505;Central;1
2506;Central;1
2507;Central;1
2508;Central;1
2509;Central;1
2510;Central;1
2511;Central;1
2512;Central;1
2513;Central;1
2514;Central;1
2515;Central;1
2516;Central;1
2517;Central;1
2518;Central;1
2519;Central;1
2520;Central;1
2521;Central;1
2522;Central;1
2523;Central;1
2524;Central;1
2525;Central;1
2526;Central;1
2527;Central;1
2528;Central;1
2529;Central;1
2530;Central;1
2531;Central;1
2532;Central;1
2533;Central;1
2534;Central;1
2535;Central;1
2536;Central;1
2537;Central;1
2538;Central;1
2539;Central;1
2540;Central;1
2541;Central;1
2542;Central;1
2543;Central;1
2544;Central;1
2545;Central;1
2546;Central;1
2547;Central;1
2548;Central;1
2549;Central;1
2550;Central;1
2551;Central;1
2552;Central;1
2553;Central;1
2554;Central;1
2555;Central;1
2556;Central;1
2557;Central;1
2558;Central;1
2559;Central;1
2560;Central;1
2561;Central;1
2562;Central;1
2563;Central;1
2564;Central;1
2565;Central;1
2566;Central;1
2567;Central;1
2568;Central;1
2569;Central;1
2570;Central;1
2571;Central;1
2572;Central;1
2573;Central;1
2574;Central;1
2575;Central;1
2576;Central;1
2577;Central;1
2578;Central;1
2579;Central;1
2580;Central;1
2581;Central;1
2582;Central;1
2583;Central;1
2584;Central;1
2585;Central;1
2586;Central;1
2587;Central;1
2588;Central;1
2589;Central;1
2590;Central;1
2591;Central;1
2592;Central;1
2593;Central;1
2594;Central;1
2595;Central;1
2596;Central;1
2597;Central;1
2598;Central;1
2599;Central;1
2600;Central;1
2601;Central;1
2602;Central;1
2603;Central;1
2604;Central;1
2605;Central;1
2606;Central;1
2607;Central;1
2608;Central;1
2609;Central;1
2610;Central;1
2611;Central;1
2612;Central;1
2613;Central;1
2614;Central;1
2615;Central;1
2616;Central;1
2617;Central;1
2618;Central;1
2619;Central;1
2620;Central;1
2621;Central;1
2622;Central;1
2623;Central;1
2624;Central;1
2625;Central;1
2626;Central;1
2627;Central;1
2628;Central;1
2629;Central;1
2630;Central;1
2631;Central;1
2632;Central;1
2633;Central;1
2634;Central;1
2635;Central;1
2636;Central;1
2637;Central;1
2638;Central;1
2639;Central;1
2640;Central;1
2641;Central;1
2642;Central;1
2643;Central;1
2644;Central;1
2645;Central;1
2646;Central;1
2647;Central;1
2648;Central;1
2649;Central;1
2650;Central;1
2651;Central;1
2652;Central;1
2653;Central;1
2654;Central;1
2655;Central;1
2656;Central;1
2657;Central;1
2658;Central;1
2659;Central;1
2660;Central;1
2661;Central;1
2662;Central;1
2663;Central;1
2664;Central;1
2665;Central;1
2666;Central;1
2667;Central;1
2668;Central;1
2669;Central;1
2670;Central;1
2671;Central;1
2672;Central;1
2673;Central;1
2674;Central;1
2675;Central;1
2676;Central;1
2677;Central;1
2678;Central;1
2679;Central;1
2680;Central;1
2681;Central;1
2682;Central;1
2683;Central;1
2684;Central;1
2685;Central;1
2686;Central;1
2687;Central;1
2688;Central;1
2689;Central;1
2690;Central;1
2691;Central;1
2692;Central;1
2693;Central;1
2694;Central;1
2695;Central;1
2696;Central;1
2697;Central;1
2698;Central;1
2699;Central;1
2700;Central;1
2701;Central;1
2702;Central;1
2703;Central;1
2704;Central;1
2705;Central;1
2706;Central;1
2707;Central;1
2708;Central;1
2709;Central;1
2710;Central;1
2711;Central;1
2712;Central;1
2713;Central;1
2714;Central;1
2715;Central;1
2716;Central;1
2717;Central;1
2718;Central;1
2719;Central;1
2720;Central;1
2721;Central;1
2722;Central;1
2723;Central;1
2724;Central;1
2725;Central;1
2726;Central;1
2727;Central;1
2728;Central;1
2729;Central;1
2730;Central;1
2731;Central;1
2732;Central;1
2733;Central;1
2734;Central;1
2735;Central;1
2736;Central;1
2737;Central;1
2738;Central;1
2739;Central;1
2740;Central;1
2741;Central;1
2742;Central;1
2743;Central;1
2744;Central;1
2745;Central;1
2746;Central;1
2747;Central;1
2748;Central;1
2749;Central;1
2750;Central;1
2751;Central;1
2752;Central;1
2753;Central;1
2754;Central;1
2755;Central;1
2756;Central;1
2757;Central;1
2758;Central;1
2759;Central;1
2760;Central;1
2761;Central;1
2762;Central;1
2763;Central;1
2764;Central;1
2765;Central;1
2766;Central;1
2767;Central;1
2768;Central;1
2769;Central;1
2770;Central;1
2771;Central;1
2772;Central;1
2773;Central;1
2774;Central;1
2775;Central;1
2776;Central;1
2777;Central;1
2778;Central;1
2779;Central;1
2780;Central;1
2781;Central;1
2782;Central;1
2783;Central;1
2784;Central;1
2785;Central;1
2786;Central;1
2787;Central;1
2788;Central;1
2789;Central;1
2790;Central;1
2791;Central;1
2792;Central;1
2793;Central;1
2794;Central;1
2795;Central;1
2796;Central;1
2797;Central;1
2798;Central;1
2799;Central;1
2800;Central;1
2801;Central;1
2802;Central;1
2803;Central;1
2804;Central;1
2805;Central;1
2806;Central;1
2807;Central;1
2808;Central;1
2809;Central;1
2810;Central;1
2811;Central;1
2812;Central;1
2813;Central;1
2814;Central;1
2815;Central;1
2816;Central;1
2817;Central;1
2818;Central;1
2819;Central;1
2820;Central;1
2821;Central;1
2822;Central;1
2823;Central;1
2824;Central;1
2825;Central;1
2826;Central;1
2827;Central;1
2828;Central;1
2829;Central;1
2830;Central;1
2831;Central;1
2832;Central;1
2833;Central;1
2834;Central;1
2835;Central;1
2836;Central;1
2837;Central;1
2838;Central;1
2839;Central;1
2840;Central;1
2841;Central;1
2842;Central;1
2843;Central;1
2844;Central;1
2845;Central;1
2846;Central;1
2847;Central;1
2848;Central;1
2849;Central;1
2850;Central;1
2851;Central;1
2852;Central;1
2853;Central;1
2854;Central;1
2855;Central;1
2856;Central;1
2857;Central;1
2858;Central;1
2859;Central;1
2860;Central;1
2861;Central;1
2862;Central;1
2863;Central;1
2864;Central;1
2865;Central;1
2866;Central;2
2867;Central;2
2868;Central;2
2869;Central;2
2870;Central;2
2871;Central;2
2872;Central;2
2873;Central;2
2874;Central;2
2875;Central;2
2876;Central;2
2877;Central;2
2878;Central;2
2879;Central;2
2880;Central;2
2881;Central;2
2882;Central;2
2883;Central;2
2884;Central;2
2885;Central;2
2886;Central;2
2887;Central;2
2888;Central;2
2889;Central;2
2890;Central;2
2891;Central;2
2892;Central;2
2893;Central;2
2894;Central;2
2895;Central;2
2896;Central;2
2897;Central;2
2898;Central;2
2899;Central;2
2900;Central;2
2901;Central;2
2902;Central;2
2903;Central;2
2904;Central;2
2905;Central;2
2906;Central;2
2907;Central;2
2908;Central;2
2909;Central;2
2910;Central;2
2911;Central;2
2912;Central;2
2913;Central;2
2914;Central;2
2915;Central;2
2916;Central;2
2917;Central;2
2918;Central;2
2919;Central;2
2920;Central;2
2921;Central;2
2922;Central;2
2923;Central;2
2924;Central;2
2925;Central;2
2926;Central;2
2927;Central;2
2928;Central;2
2929;Central;2
2930;Central;2
2931;Central;2
2932;Central;2
2933;Central;2
2934;Central;2
2935;Central;2
2936;Central;2
2937;Central;2
2938;Central;2
2939;Central;2
2940;Central;2
2941;Central;2
2942;Central;2
2943;Central;2
2944;Central;2
2945;Central;2
2946;Central;2
2947;Central;2
2948;Central;2
2949;Central;2
2950;Central;2
2951;Central;2
2952;Central;2
2953;Central;2
2954;Central;2
2955;Central;2
2956;Central;2
2957;Central;2
2958;Central;2
2959;Central;2
2960;Central;2
2961;Central;2
2962;Central;2
2963;Central;2
2964;Central;2
2965;Central;2
2966;Central;2
2967;Central;2
2968;Central;2
2969;Central;2
2970;Central;2
2971;Central;2
2972;Central;2
2973;Central;2
2974;Central;2
2975;Central;2
2976;Central;2
2977;Central;2
2978;Central;2
2979;Central;2
2980;Central;2
2981;Central;2
2982;Central;2
2983;Central;2
2984;Central;2
2985;Central;2
2986;Central;2
2987;Central;2
2988;Central;2
2989;Central;2
2990;Central;2
2991;Central;2
2992;Central;2
2993;Central;2
2994;Central;2
2995;Central;2
2996;Central;2
2997;Central;2
2998;Central;2
2999;Central;2
3000;Central;2
3001;Central;2
3002;Central;2
3003;Central;2
3004;Central;2
3005;Central;2
3006;Central;2
3007;Central;2
3008;Central;2
3009;Central;2
3010;Central;2
3011;Central;2
3012;Central;2
3013;Central;2
3014;Central;2
3015;Central;2
3016;Central;2
3017;Central;2
3018;Central;2
3019;Central;2
3020;Central;2
3021;Central;2
3022;Central;2
3023;Central;2
3024;Central;2
3025;Central;2
3026;Central;2
3027;Central;2
3028;Central;2
3029;Central;2
3030;Central;2
3031;Central;2
3032;Central;2
3033;Central;2
3034;Central;2
3035;Central;2
3036;Central;2
3037;Central;2
3038;Central;2
3039;Central;2
3040;Central;2
3041;Central;2
3042;Central;2
3043;Central;2
3044;Central;2
3045;Central;2
3046;Central;2
3047;Central;2
3048;Central;2
3049;Central;2
3050;Central;2
3051;Central;2
3052;Central;2
3053;Central;2
3054;Central;2
3055;Central;2
3056;Central;2
3057;Central;2
3058;Central;2
3059;Central;2
3060;Central;2
3061;Central;2
3062;Central;2
3063;Central;2
3064;Central;2
3065;Central;2
3066;Central;2
3067;Central;2
3068;Central;2
3069;Central;2
3070;Central;2
3071;Central;2
3072;Central;2
3073;Central;2
3074;Central;2
3075;Central;2
3076;Central;2
3077;Central;2
3078;Central;2
3079;Central;2
3080;Central;2
3081;Central;2
3082;Central;2
3083;Central;2
3084;Central;2
3085;Central;2
3086;Central;2
3087;Central;2
3088;Central;2
3089;Central;2
3090;Central;2
3091;Central;2
3092;Central;2
3093;Central;2
3094;Central;2
3095;Central;2
3096;Central;2
3097;Central;2
3098;Central;2
3099;Central;2
3100;Central;2
3101;Central;2
3102;Central;2
3103;Central;2
3104;Central;2
3105;Central;2
3106;Central;2
3107;Central;2
3108;Central;2
3109;Central;2
3110;Central;2
3111;Central;2
3112;Central;2
3113;Central;2
3114;Central;2
3115;Central;2
3116;Central;2
3117;Central;2
3118;Central;2
3119;Central;2
3120;Central;2
3121;Central;2
3122;Central;2
3123;Central;2
3124;Central;2
3125;Central;2
3126;Central;2
3127;Central;2
3128;Central;2
3129;Central;2
3130;Central;2
3131;Central;2
3132;Central;2
3133;Central;2
3134;Central;2
3135;Central;2
3136;Central;2
3137;Central;2
3138;Central;2
3139;Central;2
3140;Central;2
3141;Central;2
3142;Central;2
3143;Central;2
3144;Central;2
3145;Central;2
3146;Central;2
3147;Central;2
3148;Central;2
3149;Central;2
3150;Central;2
3151;Central;2
3152;Central;2
3153;Central;2
3154;Central;2
3155;Central;2
3156;Central;2
3157;Central;2
3158;Central;2
3159;Central;2
3160;Central;2
3161;Central;2
3162;Central;2
3163;Central;2
3164;Central;2
3165;Central;2
3166;Central;2
3167;Central;2
3168;Central;2
3169;Central;2
3170;Central;2
3171;Central;2
3172;Central;2
3173;Central;2
3174;Central;2
3175;Central;2
3176;Central;2
3177;Central;2
3178;Central;2
3179;Central;2
3180;Central;2
3181;Central;2
3182;Central;2
3183;Central;2
3184;Central;2
3185;Central;2
3186;Central;2
3187;Central;2
3188;Central;2
3189;Central;2
3190;Central;2
3191;Central;2
3192;Central;2
3193;Central;2
3194;Central;2
3195;Central;2
3196;Central;2
3197;Central;2
3198;Central;2
3199;Central;2
3200;Central;2
3201;Central;2
3202;Central;2
3203;Central;2
3204;Central;2
3205;Central;2
3206;Central;2
3207;Central;2
3208;Central;2
3209;Central;2
3210;Central;2
3211;Central;2
3212;Central;2
3213;Central;2
3214;Central;2
3215;Central;2
3216;Central;2
3217;Central;2
3218;Central;2
3219;Central;2
3220;Central;2
3221;Central;2
3222;Central;2
3223;Central;2
3224;Central;2
3225;Central;2
3226;Central;2
3227;Central;2
3228;Central;2
3229;Central;2
3230;Central;2
3231;Central;2
3232;Central;2
3233;Central;2
3234;Central;2
3235;Central;2
3236;Central;2
3237;Central;2
3238;Central;2
3239;Central;2
3240;Central;2
3241;Central;2
3242;Central;2
3243;Central;2
3244;Central;2
3245;Central;2
3246;Central;2
3247;Central;2
3248;Central;2
3249;Central;2
3250;Central;2
3251;Central;2
3252;Central;2
3253;Central;2
3254;Central;2
3255;Central;2
3256;Central;2
3257;Central;2
3258;Central;2
3259;Central;2
3260;Central;2
3261;Central;2
3262;Central;2
3263;Central;2
3264;Central;2
3265;Central;2
3266;Central;2
3267;Central;2
3268;Central;2
3269;Central;2
3270;Central;2
3271;Central;2
3272;Central;2
3273;Central;2
3274;Central;2
3275;Central;2
3276;Central;2
3277;Central;2
3278;Central;2
3279;Central;2
3280;Central;2
3281;Central;2
3282;Central;2
3283;Central;2
3284;Central;2
3285;Central;2
3286;Central;2
3287;Central;2
3288;Central;2
3289;Central;2
3290;Central;2
3291;Central;2
3292;Central;2
3293;Central;2
3294;Central;2
3295;Central;2
3296;Central;2
3297;Central;2
3298;Central;2
3299;Central;2
3300;Central;2
3301;Central;2
3302;Central;2
3303;Central;2
3304;Central;2
3305;Central;2
3306;Central;2
3307;Central;2
3308;Central;2
3309;Central;2
3310;Central;2
3311;Central;2
3312;Central;2
3313;Central;2
3314;Central;2
3315;Central;2
3316;Central;2
3317;Central;2
3318;Central;2
3319;Central;2
3320;Central;2
3321;Central;2
3322;Central;2
3323;Central;2
3324;Central;2
3325;Central;2
3326;Central;2
3327;Central;2
3328;Central;2
3329;Central;2
3330;Central;2
3331;Central;2
3332;Central;2
3333;Central;2
3334;Central;2
3335;Central;2
3336;Central;2
3337;Central;2
3338;Central;2
3339;Central;2
3340;Central;2
3341;Central;2
3342;Central;2
3343;Central;2
3344;Central;2
3345;Central;2
3346;Central;2
3347;Central;2
3348;Central;2
3349;Central;2
3350;Central;2
3351;Central;2
3352;Central;2
3353;Central;2
3354;Central;2
3355;Central;2
3356;Central;2
3357;Central;2
3358;Central;2
3359;Central;2
3360;Central;2
3361;Central;2
3362;Central;2
3363;Central;2
3364;Central;2
3365;Central;2
3366;Central;2
3367;Central;2
3368;Central;2
3369;Central;2
3370;Central;2
3371;Central;2
3372;Central;2
3373;Central;2
3374;Central;2
3375;Central;2
3376;Central;2
3377;Central;2
3378;Central;2
3379;Central;2
3380;Central;2
3381;Central;2
3382;Central;2
3383;Central;2
3384;Central;2
3385;Central;2
3386;Central;2
3387;Central;2
3388;Central;2
3389;Central;2
3390;Central;2
3391;Central;2
3392;Central;2
3393;Central;2
3394;Central;2
3395;Central;2
3396;Central;2
3397;Central;2
3398;Central;2
3399;Central;2
3400;Central;2
3401;Central;2
3402;Central;2
3403;Central;2
3404;Central;2
3405;Central;2
3406;Central;2
3407;Central;2
3408;Central;2
3409;Central;2
3410;Central;2
3411;Central;2
3412;Central;2
3413;Central;2
3414;Central;2
3415;Central;2
3416;Central;2
3417;Central;2
3418;Central;2
3419;Central;2
3420;Central;2
3421;Central;2
3422;Central;2
3423;Central;2
3424;Central;2
3425;Central;2
3426;Central;2
3427;Central;2
3428;Central;2
3429;Central;2
3430;Central;2
3431;Central;2
3432;Central;2
3433;Central;2
3434;Central;2
3435;Central;2
3436;Central;2
3437;Central;2
3438;Central;2
3439;Central;2
3440;Central;2
3441;Central;2
3442;Central;2
3443;Central;2
3444;Central;2
3445;Central;2
3446;Central;2
3447;Central;2
3448;Central;2
3449;Central;2
3450;Central;2
3451;Central;2
3452;Central;2
3453;Central;2
3454;Central;2
3455;Central;2
3456;Central;2
3457;Central;2
3458;Central;2
3459;Central;2
3460;Central;2
3461;Central;2
3462;Central;2
3463;Central;2
3464;Central;2
3465;Central;2
3466;Central;2
3467;Central;2
3468;Central;2
3469;Central;2
3470;Central;2
3471;Central;2
3472;Central;2
3473;Central;2
3474;Central;2
3475;Central;2
3476;Central;2
3477;Central;2
3478;Central;2
3479;Central;2
3480;Central;3
3481;Central;3
3482;Central;3
3483;Central;3
3484;Central;3
3485;Central;3
3486;Central;3
3487;Central;3
3488;Central;3
3489;Central;3
3490;Central;3
3491;Central;3
3492;Central;3
3493;Central;3
3494;Central;3
3495;Central;3
3496;Central;3
3497;Central;3
3498;Central;3
3499;Central;3
3500;Central;3
3501;Central;3
3502;Central;3
3503;Central;3
3504;Central;3
3505;Central;3
3506;Central;3
3507;Central;3
3508;Central;3
3509;Central;3
3510;Central;3
3511;Central;3
3512;Central;3
3513;Central;3
3514;Central;3
3515;Central;3
3516;Central;3
3517;Central;3
3518;Central;3
3519;Central;3
3520;Central;3
3521;Central;3
3522;Central;3
3523;Central;3
3524;Central;3
3525;Central;3
3526;Central;3
3527;Central;3
3528;Central;3
3529;Central;3
3530;Central;3
3531;Central;3
3532;Central;3
3533;Central;3
3534;Central;3
3535;Central;3
3536;Central;3
3537;Central;3
3538;Central;3
3539;Central;3
3540;Central;3
3541;Central;3
3542;Central;3
3543;Central;3
3544;Central;3
3545;Central;3
3546;Central;3
3547;Central;3
3548;Central;3
3549;Central;3
3550;Central;3
3551;Central;3
3552;Central;3
3553;Central;3
3554;Central;3
3555;Central;3
3556;Central;3
3557;Central;3
3558;Central;3
3559;Central;3
3560;Central;3
3561;Central;3
3562;Central;3
3563;Central;3
3564;Central;3
3565;Central;3
3566;Central;3
3567;Central;3
3568;Central;3
3569;Central;3
3570;Central;3
3571;Central;3
3572;Central;3
3573;Central;3
3574;Central;3
3575;Central;3
3576;Central;3
3577;Central;3
3578;Central;3
3579;Central;3
3580;Central;3
3581;Central;3
3582;Central;3
3583;Central;3
3584;Central;3
3585;Central;3
3586;Central;3
3587;Central;3
3588;Central;3
3589;Central;3
3590;Central;3
3591;Central;3
3592;Central;3
3593;Central;3
3594;Central;3
3595;Central;3
3596;Central;3
3597;Central;3
3598;Central;3
3599;Central;3
3600;Central;3
3601;Central;3
3602;Central;3
3603;Central;3
3604;Central;3
3605;Central;3
3606;Central;3
3607;Central;3
3608;Central;3
3609;Central;3
3610;Central;3
3611;Central;3
3612;Central;3
3613;Central;3
3614;Central;3
3615;Central;3
3616;Central;3
3617;Central;3
3618;Central;3
3619;Central;3
3620;Central;3
3621;Central;3
3622;Central;3
3623;Central;3
3624;Central;3
3625;Central;3
3626;Central;3
3627;Central;3
3628;Central;3
3629;Central;3
3630;Central;3
3631;Central;3
3632;Central;3
3633;Central;3
3634;Central;3
3635;Central;3
3636;Central;3
3637;Central;3
3638;Central;3
3639;Central;3
3640;Central;3
3641;Central;3
3642;Central;3
3643;Central;3
3644;Central;3
3645;Central;3
3646;Central;3
3647;Central;3
3648;Central;3
3649;Central;3
3650;Central;3
3651;Central;3
3652;Central;3
3653;Central;3
3654;Central;3
3655;Central;3
3656;Central;3
3657;Central;3
3658;Central;3
3659;Central;3
3660;Central;3
3661;Central;3
3662;Central;3
3663;Central;3
3664;Central;3
3665;Central;3
3666;Central;3
3667;Central;3
3668;Central;3
3669;Central;3
3670;Central;3
3671;Central;3
3672;Central;3
3673;Central;3
3674;Central;3
3675;Central;3
3676;Central;3
3677;Central;3
3678;Central;3
3679;Central;3
3680;Central;3
3681;Central;3
3682;Central;3
3683;Central;3
3684;Central;3
3685;Central;3
3686;Central;3
3687;Central;3
3688;Central;3
3689;Central;3
3690;Central;3
3691;Central;3
3692;Central;3
3693;Central;3
3694;Central;3
3695;Central;3
3696;Central;3
3697;Central;3
3698;Central;3
3699;Central;3
3700;Central;3
3701;Central;3
3702;Central;3
3703;Central;3
3704;Central;3
3705;Central;3
3706;Central;3
3707;Central;3
3708;Central;3
3709;Central;3
3710;Central;3
3711;Central;3
3712;Central;3
3713;Central;3
3714;Central;3
3715;Central;3
3716;Central;3
3717;Central;3
3718;Central;3
3719;Central;3
3720;Central;3
3721;Central;3
3722;Central;3
3723;Central;3
3724;Central;3
3725;Central;3
3726;Central;3
3727;Central;3
3728;Central;3
3729;Central;3
3730;Central;3
3731;Central;3
3732;Central;3
3733;Central;3
3734;Central;3
3735;Central;3
3736;Central;3
3737;Central;3
3738;Central;3
3739;Central;3
3740;Central;3
3741;Central;3
3742;Central;3
3743;Central;3
3744;Central;3
3745;Central;4
3746;Central;4
3747;Central;4
3748;Central;4
3749;Central;4
3750;Central;4
3751;Central;4
3752;Central;4
3753;Central;4
3754;Central;4
3755;Central;4
3756;Central;4
3757;Central;4
3758;Central;4
3759;Central;4
3760;Central;4
3761;Central;4
3762;Central;4
3763;Central;4
3764;Central;4
3765;Central;4
3766;Central;4
3767;Central;4
3768;Central;4
3769;Central;4
3770;Central;4
3771;Central;4
3772;Central;4
3773;Central;4
3774;Central;4
3775;Central;4
3776;Central;4
3777;Central;4
3778;Central;4
3779;Central;4
3780;Central;4
3781;Central;4
3782;Central;4
3783;Central;4
3784;Central;4
3785;Central;4
3786;Central;4
3787;Central;4
3788;Central;4
3789;Central;4
3790;Central;4
3791;Central;4
3792;Central;4
3793;Central;4
3794;Central;4
3795;Central;4
3796;Central;4
3797;Central;4
3798;Central;4
3799;Central;4
3800;Central;4
3801;Central;4
3802;Central;4
3803;Central;4
3804;Central;4
3805;Central;4
3806;Central;4
3807;Central;4
3808;Central;4
3809;Central;4
3810;Central;4
3811;Central;4
3812;Central;4
3813;Central;4
3814;Central;4
3815;Central;4
3816;Central;4
3817;Central;4
3818;Central;4
3819;Central;4
3820;Central;4
3821;Central;4
3822;Central;4
3823;Central;4
3824;Central;4
3825;Central;4
3826;Central;4
3827;Central;4
3828;Central;4
3829;Central;4
3830;Central;4
3831;Central;4
3832;Central;4
3833;Central;4
3834;Central;4
3835;Central;4
3836;Central;4
3837;Central;4
3838;Central;4
3839;Central;4
3840;Central;4
3841;Central;4
3842;Central;4
3843;Central;4
3844;Central;4
3845;Central;4
3846;Central;4
3847;Central;4
3848;Central;4
3849;Central;4
3850;Central;4
3851;Central;4
3852;Central;4
3853;Central;4
3854;Central;4
3855;Central;4
3856;Central;4
3857;Central;4
3858;Central;4
3859;Central;4
3860;Central;4
3861;Central;4
3862;Central;4
3863;Central;4
3864;Central;4
3865;Central;4
3866;Central;4
3867;Central;4
3868;Central;4
3869;Central;4
3870;Central;4
3871;Central;4
3872;Central;4
3873;Central;4
3874;Central;5
3875;Central;5
3876;Central;5
3877;Central;5
3878;Central;5
3879;Central;5
3880;Central;5
3881;Central;5
3882;Central;5
3883;Central;5
3884;Central;5
3885;Central;5
3886;Central;5
3887;Central;5
3888;Central;5
3889;Central;5
3890;Central;5
3891;Central;5
3892;Central;5
3893;Central;5
3894;Central;5
3895;Central;5
3896;Central;5
3897;Central;5
3898;Central;5
3899;Central;5
3900;Central;5
3901;Central;5
3902;Central;5
3903;Central;5
3904;Central;5
3905;Central;5
3906;Central;5
3907;Central;5
3908;Central;5
3909;Central;5
3910;Central;5
3911;Central;5
3912;Central;5
3913;Central;5
3914;Central;5
3915;Central;5
3916;Central;5
3917;Central;5
3918;Central;5
3919;Central;5
3920;Central;5
3921;Central;5
3922;Central;5
3923;Central;5
3924;Central;5
3925;Central;5
3926;Central;5
3927;Central;5
3928;Central;5
3929;Central;5
3930;Central;5
3931;Central;5
3932;Central;5
3933;Central;5
3934;Central;5
3935;Central;5
3936;Central;5
3937;Central;5
3938;Central;5
3939;Central;5
3940;Central;5
3941;Central;5
3942;Central;5
3943;Central;5
3944;Central;5
3945;South;1
3946;South;1
3947;South;1
3948;South;1
3949;South;1
3950;South;1
3951;South;1
3952;South;1
3953;South;1
3954;South;1
3955;South;1
3956;South;1
3957;South;1
3958;South;1
3959;South;1
3960;South;1
3961;South;1
3962;South;1
3963;South;1
3964;South;1
3965;South;1
3966;South;1
3967;South;1
3968;South;1
3969;South;1
3970;South;1
3971;South;1
3972;South;1
3973;South;1
3974;South;1
3975;South;1
3976;South;1
3977;South;1
3978;South;1
3979;South;1
3980;South;1
3981;South;1
3982;South;1
3983;South;1
3984;South;1
3985;South;1
3986;South;1
3987;South;1
3988;South;1
3989;South;1
3990;South;1
3991;South;1
3992;South;1
3993;South;1
3994;South;1
3995;South;1
3996;South;1
3997;South;1
3998;South;1
3999;South;1
4000;South;1
4001;South;1
4002;South;1
4003;South;1
4004;South;1
4005;South;1
4006;South;1
4007;South;1
4008;South;1
4009;South;1
4010;South;2
4011;South;2
4012;South;2
4013;South;2
4014;South;2
4015;South;2
4016;South;2
4017;South;2
4018;South;2
4019;South;2
4020;South;2
4021;South;2
4022;South;2
4023;South;2
4024;South;2
4025;South;2
4026;South;2
4027;South;2
4028;South;2
4029;South;2
4030;South;2
4031;South;2
4032;South;2
4033;South;2
4034;South;2
4035;South;2
4036;South;2
4037;South;2
4038;South;2
4039;South;2
4040;South;2
4041;South;2
4042;South;2
4043;South;2
4044;South;2
4045;South;2
4046;South;2
4047;South;2
4048;South;2
4049;South;2
4050;South;2
4051;South;2
4052;South;2
4053;South;2
4054;South;2
4055;South;2
4056;South;2
4057;South;2
4058;South;2
4059;South;2
4060;South;2
4061;South;2
4062;South;2
4063;South;2
4064;South;2
4065;South;2
4066;South;2
4067;South;2
4068;South;2
4069;South;2
4070;South;2
4071;South;2
4072;South;2
4073;South;2
4074;South;2
4075;South;2
4076;South;2
4077;South;2
4078;South;2
4079;South;2
4080;South;2
4081;South;2
4082;South;2
4083;South;2
4084;South;2
4085;South;2
4086;South;2
4087;South;2
4088;South;2
4089;South;2
4090;South;2
4091;South;2
4092;South;2
4093;South;2
4094;South;2
4095;South;2
4096;South;2
4097;South;2
4098;South;3
4099;South;3
4100;South;3
4101;South;3
4102;South;3
4103;South;3
4104;South;3
4105;South;3
4106;South;3
4107;South;3
4108;South;3
4109;South;3
4110;South;3
4111;South;3
4112;South;3
4113;South;3
4114;South;3
4115;South;3
4116;South;3
4117;South;3
4118;South;3
4119;South;3
4120;South;3
4121;South;3
4122;South;3
4123;South;3
4124;South;3
4125;South;3
4126;South;3
4127;South;3
4128;South;3
4129;South;3
4130;South;3
4131;South;3
4132;South;3
4133;South;3
4134;South;3
4135;South;3
4136;South;3
4137;South;3
4138;South;3
4139;South;3
4140;South;3
4141;South;3
4142;South;3
4143;South;3
4144;South;3
4145;South;3
4146;South;3
4147;South;3
4148;South;3
4149;South;3
4150;South;3
4151;South;3
4152;South;3
4153;South;3
4154;South;3
4155;South;4
4156;South;4
4157;South;4
4158;South;4
4159;South;4
4160;South;4
4161;South;4
4162;South;4
4163;South;4
4164;South;4
4165;South;4
4166;South;4
4167;South;4
4168;South;4
4169;South;4
4170;South;4
4171;South;4
4172;South;4
4173;South;4
4174;South;4
4175;South;5
4176;South;5
4177;South;5
4178;South;5
4179;South;5
4180;South;5
4181;South;5
4182;South;5
4183;South;5
4184;South;5
4185;South;5
4186;South;5
4187;South;5
4188;South;5
4189;South;5
